Area / Date,Fueltype,Code,Name,Intalled Capacity at the beginning of year [MW],Capacity,Location,Voltage Connection Level [kV],DateIn,DateRetrofit,Country,lat,long
BZN|PT / 01.01.2021 00:00 - 01.01.2022 00:00,Natural Gas,16WRIBATE------E,Ribatejo,1176.0,1176.0,ALENQUER,400,01.12.2014,,Portugal,,
BZN|PT / 01.01.2021 00:00 - 01.01.2022 00:00,Natural Gas,16WRTG---------V,T.Outeiro C.C.,990.0,990.0,GONDOMAR,220,01.12.2014,,Portugal,,
BZN|PT / 01.01.2021 00:00 - 01.01.2022 00:00,Natural Gas,16WPEGO--------O,Pego C.C.,837.0,837.0,ABRANTES,400,01.12.2014,,Portugal,,
BZN|PT / 01.01.2021 00:00 - 01.01.2022 00:00,Natural Gas,16WLARES-------R,Lares,826.0,826.0,FIGUEIRA DA FOZ,400,01.12.2014,,Portugal,,
BZN|RO / 01.01.2021 00:00 - 01.01.2022 00:00,Natural Gas,30W-CET-PETROM-L,TPP CCCC Petrom Brazi,832.0,832.0,internal,400,01.12.2014,,Romania,,
BZN|RO / 01.01.2021 00:00 - 01.01.2022 00:00,Natural Gas,30W-CET-IERN---J,TPP Iernut,282.0,282.0,internal,220,01.12.2014,,Romania,,
BZN|RO / 01.01.2021 00:00 - 01.01.2022 00:00,Natural Gas,30W-CET-BRAZ---Q,TPP Brazi,223.0,223.0,internal,110,01.12.2014,,Romania,,
BZN|RO / 01.01.2021 00:00 - 01.01.2022 00:00,Natural Gas,30W-CET-GALA---G,TPP Galati,344.0,192.0,internal,110,01.12.2014,,Romania,,
BZN|RO / 01.01.2021 00:00 - 01.01.2022 00:00,Natural Gas,30W-CET-BUCV---D,TPP Bucuresti Vest,171.0,171.0,internal,110,01.12.2014,,Romania,,
BZN|RO / 01.01.2021 00:00 - 01.01.2022 00:00,Natural Gas,30W-CET-BUCS---S,TPP Bucuresti Sud,168.0,168.0,internal,220,01.12.2014,,Romania,,
BZN|FI / 01.01.2021 00:00 - 01.01.2022 00:00,Natural Gas,44W-T-YT-000013J,Vuosaari,480.0,480.0,Helsinki,110,21.05.2013,,Finland,,
BZN|FI / 01.01.2021 00:00 - 01.01.2022 00:00,Natural Gas,44W-T-YT-000010P,Suomenoja,354.0,354.0,Espoo,110,05.09.2013,,Finland,,
BZN|FI / 01.01.2021 00:00 - 01.01.2022 00:00,Natural Gas,44W-T-YT-000005I,Lielahti,142.0,142.0,Tampere,110,30.10.2013,,Finland,,
BZN|FI / 01.01.2021 00:00 - 01.01.2022 00:00,Natural Gas,44W-T-YT-000007E,Naistenlahti 1,129.0,129.0,Tampere,110,30.10.2013,,Finland,,
BZN|NL / 01.01.2021 00:00 - 01.01.2022 00:00,Natural Gas,49W000000000044-,Eemshaven,1410.0,1410.0,intra_zonal,380,10.12.2014,,Norway,,
BZN|NL / 01.01.2021 00:00 - 01.01.2022 00:00,Natural Gas,49W000000000069K,Claus,1304.0,1304.0,intra_zonal,380,24.07.2014,,Norway,,
BZN|NL / 01.01.2021 00:00 - 01.01.2022 00:00,Natural Gas,49W000000000046W,Velsen,869.0,869.0,intra_zonal,150,10.12.2014,,Norway,,
BZN|NL / 01.01.2021 00:00 - 01.01.2022 00:00,Natural Gas,49W000000000058P,Enecogen,844.0,844.0,Rotterdam-Europoort,380,06.01.2011,,Norway,,
BZN|NL / 01.01.2021 00:00 - 01.01.2022 00:00,Natural Gas,49W0000000001128,Rijmond,790.0,790.0,intra_zonal,150,06.06.2017,,Norway,,
BZN|NL / 01.01.2021 00:00 - 01.01.2022 00:00,Natural Gas,49W000000000063W,Moerdijk,766.0,766.0,intra_zonal,150,24.07.2014,,Norway,,
BZN|NL / 01.01.2021 00:00 - 01.01.2022 00:00,Natural Gas,49W0000000000431,Diemen,684.0,684.0,intra_zonal,380,10.12.2014,,Norway,,
BZN|NL / 01.01.2021 00:00 - 01.01.2022 00:00,Natural Gas,49W000000000048S,Elsta,455.0,455.0,intra_zonal,150,01.03.2012,,Norway,,
BZN|NL / 01.01.2021 00:00 - 01.01.2022 00:00,Natural Gas,49W000000000045Y,Hemweg,440.0,440.0,intra_zonal,150,10.12.2014,,Norway,,
BZN|NL / 01.01.2021 00:00 - 01.01.2022 00:00,Natural Gas,49W0000000000512,Sloecentrale 10,435.0,435.0,intra_zonal,380,01.01.2014,,Norway,,
BZN|NL / 01.01.2021 00:00 - 01.01.2022 00:00,Natural Gas,49W000000000117Z,Sloecentrale 20,435.0,435.0,intra_zonal,380,01.01.2014,,Norway,,
BZN|NL / 01.01.2021 00:00 - 01.01.2022 00:00,Natural Gas,49W000000000074R,FLEVO 5,428.0,428.0,Netherlands,150,21.10.2009,,Norway,,
BZN|NL / 01.01.2021 00:00 - 01.01.2022 00:00,Natural Gas,49W0000000001225,Maastroom Energie CV,426.0,426.0,intra_zonal,380,01.01.2015,,Norway,,
BZN|NL / 01.01.2021 00:00 - 01.01.2022 00:00,Natural Gas,49W000000000072V,FLEVO 4,423.0,423.0,Netherlands,380,08.05.2009,,Norway,,
BZN|NL / 01.01.2021 00:00 - 01.01.2022 00:00,Natural Gas,49W000000000080W,Eems 7,360.0,360.0,NL,380,01.01.2000,,Norway,,
BZN|NL / 01.01.2021 00:00 - 01.01.2022 00:00,Natural Gas,49W000000000082S,Eems 6,360.0,360.0,NL,380,01.01.2000,,Norway,,
BZN|NL / 01.01.2021 00:00 - 01.01.2022 00:00,Natural Gas,49W000000000084O,Eems 5,360.0,360.0,NL,220,01.01.2000,,Norway,,
BZN|NL / 01.01.2021 00:00 - 01.01.2022 00:00,Natural Gas,49W000000000086K,Eems 4,360.0,360.0,NL,220,01.01.2000,,Norway,,
BZN|NL / 01.01.2021 00:00 - 01.01.2022 00:00,Natural Gas,49W000000000088G,Eems 3,360.0,360.0,NL,220,01.01.2000,,Norway,,
BZN|NL / 01.01.2021 00:00 - 01.01.2022 00:00,Natural Gas,49W000000000152X,Delesto 2,343.0,343.0,Farmsum,110,10.01.2007,,Norway,,
BZN|NL / 01.01.2021 00:00 - 01.01.2022 00:00,Natural Gas,49W000000000047U,LW 06 Utrecht,248.0,248.0,Keulsekade 181,150,30.12.2000,,Norway,,
BZN|NL / 01.01.2021 00:00 - 01.01.2022 00:00,Natural Gas,49W000000000090T,MK12 Utrecht,225.0,225.0,Keulsekade 181,150,30.12.2000,,Norway,,
BZN|NL / 01.01.2021 00:00 - 01.01.2022 00:00,Natural Gas,49W0000000001047,RoCa,220.0,220.0,intra_zonal,150,11.12.2014,,Norway,,
BZN|NL / 01.01.2021 00:00 - 01.01.2022 00:00,Natural Gas,49W000000000061-,Swentibold,209.0,209.0,intra_zonal,150,24.07.2014,,Norway,,
BZN|NL / 01.01.2021 00:00 - 01.01.2022 00:00,Natural Gas,49W000000000096H,Eems 20,131.0,131.0,NL,220,01.01.2000,,Norway,,
BZN|NL / 01.01.2021 00:00 - 01.01.2022 00:00,Natural Gas,49W0000000000504,NAM Schoonebeek,128.0,128.0,Netherlands,110,20.06.2011,,Norway,,
BZN|NL / 01.01.2021 00:00 - 01.01.2022 00:00,Natural Gas,49W000000000092P,PERGEN 1,125.0,125.0,intra_zonal,150,01.01.2014,,Norway,,
BZN|NL / 01.01.2021 00:00 - 01.01.2022 00:00,Natural Gas,49W000000000094L,PERGEN 2,125.0,125.0,intra_zonal,150,01.01.2014,,Norway,,
BZN|NL / 01.01.2021 00:00 - 01.01.2022 00:00,Natural Gas,49W0000000000342,Den Haag,112.0,112.0,intra_zonal,150,11.12.2014,,Norway,,
BZN|NL / 01.01.2021 00:00 - 01.01.2022 00:00,Natural Gas,49W0000000001233,Bergum 10,72.0,72.0,NL,220,01.10.1974,,Norway,,
BZN|NL / 01.01.2021 00:00 - 01.01.2022 00:00,Natural Gas,49W000000000135X,Bergum 20,72.0,72.0,NL,220,01.06.1975,,Norway,,
BZN|NO3 / 01.01.2021 00:00 - 01.01.2022 00:00,Natural Gas,50WP00000000575L,RKA Nyhamna,215.0,215.0,RKA Nyhamna,12,17.12.2014,,Norway,,
BZN|NO3 / 01.01.2021 00:00 - 01.01.2022 00:00,Natural Gas,50WP00000000733T,TBO RKA,167.0,167.0,TBO RKA,12,16.12.2014,,Norway,,
BZN|IT-South / 01.01.2021 00:00 - 01.01.2022 00:00,Natural Gas,26WIMPI-S16EBNPL,ENIPOWER BRINDISI,1217.0,1217.0,16074001,380,31.12.2014,,Italy,,
BZN|IT-South / 01.01.2021 00:00 - 01.01.2022 00:00,Natural Gas,26WIMPI-S16CDMNU,SORGENIA PUGLIA CENTRALE DI MODUGNO,810.0,810.0,16072027,380,31.12.2014,,Italy,,
BZN|IT-South / 01.01.2021 00:00 - 01.01.2022 00:00,Natural Gas,26WIMPI-S14TERME,ENERGIA MOLISE,769.0,769.0,14070078,380,23.12.2014,,Italy,,
BZN|IT-South / 01.01.2021 00:00 - 01.01.2022 00:00,Natural Gas,26WIMPI-S16CSSCB,RATINO,419.0,419.0,16071051,380,31.12.2014,,Italy,,
BZN|IT-South / 01.01.2021 00:00 - 01.01.2022 00:00,Natural Gas,26WIMPI-S16CNDLL,CANDELA,401.0,401.0,16071009,380,23.12.2014,,Italy,,
BZN|IT-South / 01.01.2021 00:00 - 01.01.2022 00:00,Natural Gas,26WIMPI-S14LTRNT,LARINO TG,248.0,248.0,14070083,150,31.12.2014,,Italy,,
BZN|IT-South / 01.01.2021 00:00 - 01.01.2022 00:00,Natural Gas,26WIMPI-S17COVDA,CENTRO OLIO VAL D'AGRI,12.0,12.0,17076098,20,31.12.2014,,Italy,,
BZN|IT-South / 01.01.2021 00:00 - 01.01.2022 00:00,Natural Gas,26WIMPI-S14ARGPA,SAN NICOLA,11.0,11.0,14070061,150,31.12.2014,,Italy,,
BZN|IT-South / 01.01.2021 00:00 - 01.01.2022 00:00,Natural Gas,26WIMPI-S14CTTLZ,TORRENTE TONA,11.0,11.0,14070061,150,31.12.2014,,Italy,,
BZN|IT-South / 01.01.2021 00:00 - 01.01.2022 00:00,Natural Gas,26WIMPI-S14ETEAI,MASSERIA VINCELLI,5.0,5.0,14070047,20,31.12.2014,,Italy,,
BZN|DE-AT-LU / 01.01.2021 00:00 - 01.01.2022 00:00,Natural Gas,11WD7BOLA--KWNIK,HKW Niehl,866.0,866.0,intra_zonal,380,01.02.2010,,Luxembourg,,
BZN|DE-AT-LU / 01.01.2021 00:00 - 01.01.2022 00:00,Natural Gas,11WD7BISC5GKW23O,KW Mainz-Wiesbaden,785.0,785.0,Hesse,110,01.01.2010,,Luxembourg,,
BZN|DE-AT-LU / 01.01.2021 00:00 - 01.01.2022 00:00,Natural Gas,11WD7GARE5XHEKWQ,HERDECKE,424.0,424.0,Garenfeld,110,01.01.2010,,Luxembourg,,
BZN|DE-AT-LU / 01.01.2021 00:00 - 01.01.2022 00:00,Natural Gas,11WD7FUEH5GMEKW7,HKW Merkenich,110.0,110.0,intra_zonal,110,01.02.2010,,Luxembourg,,
BZN|HU / 01.01.2021 00:00 - 01.01.2022 00:00,Natural Gas,15WTISZA-----PPN,Tiszai Erőmű,864.0,864.0,Tiszaújváros,400,31.12.2013,,Hungary,,
BZN|HU / 01.01.2021 00:00 - 01.01.2022 00:00,Natural Gas,15WDUME------PPI,Dunamenti Erőmű,783.0,783.0,Százhalombatta,220,31.12.2013,,Hungary,,
BZN|HU / 01.01.2021 00:00 - 01.01.2022 00:00,Natural Gas,15WGONYU-----PP5,Gönyűi Erőmű,437.0,437.0,Gönyű,400,31.12.2013,,Hungary,,
BZN|HU / 01.01.2021 00:00 - 01.01.2022 00:00,Natural Gas,15WCSEPEL----PPI,Alpiq Csepel Erőmű,401.0,401.0,Budapest,120,31.12.2013,,Hungary,,
BZN|HU / 01.01.2021 00:00 - 01.01.2022 00:00,Natural Gas,15WKELENF----PP8,Kelenföldi Erőmű,173.0,173.0,Budapest,120,31.12.2013,,Hungary,,
BZN|HU / 01.01.2021 00:00 - 01.01.2022 00:00,Natural Gas,15WMVMSZK----PPY,MVM szabályozási központ,140.0,140.0,Budapest,20,31.12.2014,,Hungary,,
BZN|HU / 01.01.2021 00:00 - 01.01.2022 00:00,Natural Gas,15WBAKONY----PP6,Bakonyi Gázturbinás Erőmű,114.0,114.0,Ajka,120,31.12.2013,,Hungary,,
BZN|HU / 01.01.2021 00:00 - 01.01.2022 00:00,Natural Gas,15WKISP------PP6,Kispesti Erőmű,109.0,109.0,Budapest,120,31.12.2013,,Hungary,,
BZN|HU / 01.01.2021 00:00 - 01.01.2022 00:00,Natural Gas,15WUJPEST----PPO,Újpesti Erőmű,102.0,102.0,Budapest,120,31.12.2013,,Hungary,,
BZN|HU / 01.01.2021 00:00 - 01.01.2022 00:00,Natural Gas,15WDKCE------PPQ,Debreceni Kombináltciklusú Erőmű,95.0,95.0,Debrecen,120,31.12.2013,,Hungary,,
BZN|HU / 01.01.2021 00:00 - 01.01.2022 00:00,Natural Gas,15WALPIQ-----PPY,ALPIQ szabályzási csoport,87.0,87.0,Budapest,120,31.12.2013,,Hungary,,
BZN|HU / 01.01.2021 00:00 - 01.01.2022 00:00,Natural Gas,15WVPP-------PPZ,VPP szabályozási csoport,68.0,68.0,Budapest,20,31.12.2013,,Hungary,,
BZN|HU / 01.01.2021 00:00 - 01.01.2022 00:00,Natural Gas,15WVEOLIASZK-PPQ,VEOLIA szabályozási központ,68.0,68.0,Budapest,20,01.04.2015,,Hungary,,
BZN|HU / 01.01.2021 00:00 - 01.01.2022 00:00,Natural Gas,15WEONSUM----PPI,EONSUM szabályozási központ,63.0,63.0,Budapest,20,31.12.2013,,Hungary,,
BZN|HU / 01.01.2021 00:00 - 01.01.2022 00:00,Natural Gas,15WGREEN-----PPZ,GREENERGY szabályozási központ,63.0,63.0,Budapest,20,31.12.2013,,Hungary,,
BZN|HU / 01.01.2021 00:00 - 01.01.2022 00:00,Natural Gas,15WSINERGY---PPQ,Sinergy szabályozási központ,58.0,58.0,Budapest,20,31.12.2013,,Hungary,,
BZN|HU / 01.01.2021 00:00 - 01.01.2022 00:00,Natural Gas,15WNYKCE-----PP6,Nyíregyházi Kombináltciklusú Erőmű,47.0,47.0,Oroszlány,120,31.12.2013,,Hungary,,
BZN|HU / 01.01.2021 00:00 - 01.01.2022 00:00,Natural Gas,15WTATAB-----PPG,Tatabánya Erőmű,43.0,43.0,Tatabánya,120,31.12.2013,,Hungary,,
BZN|HU / 01.01.2021 00:00 - 01.01.2022 00:00,Natural Gas,15WPLOOP-----PPL,PLOOP szabályozási központ,28.0,28.0,Budapest,20,31.12.2013,,Hungary,,
BZN|IT-Centre-North / 01.01.2021 00:00 - 01.01.2022 00:00,Natural Gas,26WIMPI-S09SBRBU,S.BARBARA,391.0,391.0,9051013,380,31.12.2014,,Italy,,
BZN|IT-Centre-North / 01.01.2021 00:00 - 01.01.2022 00:00,Natural Gas,26WIMPI-S09RSLCK,ROSELECTRA,380.0,380.0,9049017,380,31.12.2014,,Italy,,
BZN|IT-Centre-North / 01.01.2021 00:00 - 01.01.2022 00:00,Natural Gas,26WIMPI-S09RSNOR,ROSEN,325.0,325.0,9049017,132,31.12.2014,,Italy,,
BZN|IT-Centre-North / 01.01.2021 00:00 - 01.01.2022 00:00,Natural Gas,26WIMPI-S09AGPP4,ENIPOWER LIVORNO,203.0,203.0,9049008,132,31.12.2014,,Italy,,
BZN|IT-Centre-North / 01.01.2021 00:00 - 01.01.2022 00:00,Natural Gas,26WIMYI-S11JSEIB,JESI,140.0,140.0,11042021,132,31.12.2016,,Italy,,
BZN|IT-Centre-North / 01.01.2021 00:00 - 01.01.2022 00:00,Natural Gas,26WIMPI-S09CPLR3,PORCARI,102.0,102.0,9046026,132,23.12.2014,,Italy,,
BZN|IT-Centre-North / 01.01.2021 00:00 - 01.01.2022 00:00,Natural Gas,26WIMPI-S09IPNT0,U.P. INTERECOGEN,31.0,31.0,9050033,132,31.12.2014,,Italy,,
BZN|IT-Centre-North / 01.01.2021 00:00 - 01.01.2022 00:00,Natural Gas,26WIMPI-S09NPMVB,NUOVO PIGNONE MS,31.0,31.0,9045010,132,31.12.2014,,Italy,,
BZN|IT-Centre-North / 01.01.2021 00:00 - 01.01.2022 00:00,Natural Gas,26WIMPI-0904006J,Nova LT16,16.0,16.0,9048017,132,16.03.2017,,Italy,,
BZN|IT-Centre-North / 01.01.2021 00:00 - 01.01.2022 00:00,Natural Gas,26WIMPI-07528458,Tioxide Europe Scarlino,12.0,12.0,9053024,132,15.01.2015,,Italy,,
BZN|IT-Centre-North / 01.01.2021 00:00 - 01.01.2022 00:00,Natural Gas,26WIMPI-S11ACPNS,API ENERGIA IGCC,240.0,,11042018,132,31.12.2014,02.01.2021,Italy,,
BZN|NO4 / 01.01.2021 00:00 - 01.01.2022 00:00,Natural Gas,50WP00000000456T,Melkoya,230.0,230.0,Melkoya,15,16.12.2014,,Norway,,
BZN|NO5 / 01.01.2021 00:00 - 01.01.2022 00:00,Natural Gas,50WP000000001475,EVM,328.0,328.0,EVM,15,17.12.2014,,Norway,,
BZN|IE(SEM) / 01.01.2021 00:00 - 01.01.2022 00:00,Natural Gas,47W000000000173I,Huntstown Production,744.0,744.0,Dublin,220,23.12.2014,,Italy,,
BZN|IE(SEM) / 01.01.2021 00:00 - 01.01.2022 00:00,Natural Gas,47W000000000164J,Aghada Prod,678.0,678.0,Cork,220,23.12.2014,,Italy,,
BZN|IE(SEM) / 01.01.2021 00:00 - 01.01.2022 00:00,Natural Gas,47W000000000156I,Kilroot,655.0,655.0,Coolkeeragh,275,23.12.2014,,Italy,,
BZN|IE(SEM) / 01.01.2021 00:00 - 01.01.2022 00:00,Natural Gas,47W000000000154M,Ballylumford C Station,494.0,494.0,Ballylumford,275,23.12.2014,,Italy,,
BZN|IE(SEM) / 01.01.2021 00:00 - 01.01.2022 00:00,Natural Gas,47W000000000168B,Poolbeg Production,490.0,490.0,Dublin,220,23.12.2014,,Italy,,
BZN|IE(SEM) / 01.01.2021 00:00 - 01.01.2022 00:00,Natural Gas,47W000000000155K,Coolkeeragh,467.0,467.0,Coolkeeragh,275,23.12.2014,,Italy,,
BZN|IE(SEM) / 01.01.2021 00:00 - 01.01.2022 00:00,Natural Gas,47W000000000158E,Whitegate Prod,435.0,435.0,Cork,220,23.12.2014,,Italy,,
BZN|IE(SEM) / 01.01.2021 00:00 - 01.01.2022 00:00,Natural Gas,47W000000000171M,Dublin Bay Prod,405.0,405.0,Dublin,220,23.12.2014,,Italy,,
BZN|IE(SEM) / 01.01.2021 00:00 - 01.01.2022 00:00,Natural Gas,47W000000000172K,Tynagh Production,404.0,404.0,Galway,220,23.12.2014,,Italy,,
BZN|IE(SEM) / 01.01.2021 00:00 - 01.01.2022 00:00,Natural Gas,47W000000000167D,North Wall Production,271.0,271.0,Dublin,220,23.12.2014,,Italy,,
BZN|IE(SEM) / 01.01.2021 00:00 - 01.01.2022 00:00,Natural Gas,47W000000000355C,Poolbeg A,238.0,238.0,"Pigeon House Road, Ringsend, Dublin",220,24.05.2016,,Italy,,
BZN|IE(SEM) / 01.01.2021 00:00 - 01.01.2022 00:00,Natural Gas,47W000000000356A,Poolbeg B,230.0,230.0,"Pigeon House Road, Ringsend, Dublin",220,24.05.2016,,Italy,,
BZN|IE(SEM) / 01.01.2021 00:00 - 01.01.2022 00:00,Natural Gas,47W000000000153O,Ballylumford B Station,217.0,217.0,Ballylumford,220,23.12.2014,,Italy,,
BZN|IE(SEM) / 01.01.2021 00:00 - 01.01.2022 00:00,Natural Gas,47W000000000157G,Aughinish Alumnia(Sealrock),170.0,170.0,Limerick,110,01.01.2015,,Italy,,
BZN|IE(SEM) / 01.01.2021 00:00 - 01.01.2022 00:00,Natural Gas,47W000000000239E,Cushaling Production,112.0,112.0,Offaly,110,23.12.2014,,Italy,,
BZN|IE(SEM) / 01.01.2021 00:00 - 01.01.2022 00:00,Natural Gas,47W000000000242P,Knockmore Hill AGU Production,12.0,12.0,County Antrim,33,23.12.2014,,Italy,,
BZN|IE(SEM) / 01.01.2021 00:00 - 01.01.2022 00:00,Natural Gas,47W000000000241R,Knockmore Hill,3.0,3.0,County Antrim,33,23.12.2014,,Italy,,
BZN|DK1 / 01.01.2021 00:00 - 01.01.2022 00:00,Natural Gas,45W0000000000110,Skaerbaekvaerket,392.0,392.0,Denmark,400,18.05.2017,,Estonia,,
BZN|DK1 / 01.01.2021 00:00 - 01.01.2022 00:00,Natural Gas,45W000000000112V,Silkeborgvaerket,108.0,108.0,Denmark,60,18.05.2017,,Estonia,,
BZN|GB / 01.01.2021 00:00 - 01.01.2022 00:00,Natural Gas,48WSTN00000PEMBL,PEMB,2305.0,2305.0,GB,400,26.11.2010,,United Kingdom,,
BZN|GB / 01.01.2021 00:00 - 01.01.2022 00:00,Natural Gas,48WSTN00000PEHEU,PEHE,1840.0,1840.0,GB,275,29.03.2005,,United Kingdom,,
BZN|GB / 01.01.2021 00:00 - 01.01.2022 00:00,Natural Gas,48WSTN00000STAYA,STAY,1828.0,1828.0,GB,400,26.03.2009,,United Kingdom,,
BZN|GB / 01.01.2021 00:00 - 01.01.2022 00:00,Natural Gas,48WSTN0000CNQPSG,CNQPS,1500.0,1500.0,GB,400,01.01.2000,,United Kingdom,,
BZN|GB / 01.01.2021 00:00 - 01.01.2022 00:00,Natural Gas,48WSTN0000DIDCBC,DIDCB,1490.0,1490.0,GB,400,01.01.2000,,United Kingdom,,
BZN|GB / 01.01.2021 00:00 - 01.01.2022 00:00,Natural Gas,48WSTN0000GRAINU,GRAIN,1365.0,1365.0,GB,400,27.07.2009,,United Kingdom,,
BZN|GB / 01.01.2021 00:00 - 01.01.2022 00:00,Natural Gas,48WSTN0000WBURB5,WBURB,1360.0,1360.0,GB,400,28.05.2010,,United Kingdom,,
BZN|GB / 01.01.2021 00:00 - 01.01.2022 00:00,Natural Gas,48WSTN00000SEAB5,SEAB,1258.0,1258.0,GB,400,01.01.2000,,United Kingdom,,
BZN|GB / 01.01.2021 00:00 - 01.01.2022 00:00,Natural Gas,48WSTN00000HUMR2,HUMR,1240.0,1240.0,GB,400,29.04.2003,,United Kingdom,,
BZN|GB / 01.01.2021 00:00 - 01.01.2022 00:00,Natural Gas,48WSTN00000SCCLO,SCCL,1200.0,1200.0,GB,275,01.01.2000,,United Kingdom,,
BZN|GB / 01.01.2021 00:00 - 01.01.2022 00:00,Natural Gas,48WSTN0000BARKBL,BARKB,1000.0,1000.0,GB,275,01.01.2000,,United Kingdom,,
BZN|GB / 01.01.2021 00:00 - 01.01.2022 00:00,Natural Gas,48WSTN000KILLPG5,KILLPG,1000.0,1000.0,GB,400,01.01.2000,,United Kingdom,,
BZN|GB / 01.01.2021 00:00 - 01.01.2022 00:00,Natural Gas,48WSTN00000MRWDO,MRWD,920.0,920.0,GB,400,29.08.2008,,United Kingdom,,
BZN|GB / 01.01.2021 00:00 - 01.01.2022 00:00,Natural Gas,48WSTN00000CARRI,CARR,910.0,910.0,GB,400,01.01.2016,,United Kingdom,,
BZN|GB / 01.01.2021 00:00 - 01.01.2022 00:00,Natural Gas,48WSTN00000LAGA3,LAGA,905.0,905.0,GB,400,19.06.2008,,United Kingdom,,
BZN|GB / 01.01.2021 00:00 - 01.01.2022 00:00,Natural Gas,48WSTN00000SPLNF,SPLN,903.0,903.0,GB,400,25.02.2004,,United Kingdom,,
BZN|GB / 01.01.2021 00:00 - 01.01.2022 00:00,Natural Gas,48WSTN00000KEAD4,KEAD,764.0,893.0,GB,400,01.01.2000,,United Kingdom,,
BZN|GB / 01.01.2021 00:00 - 01.01.2022 00:00,Natural Gas,48WSTN00000SVRP6,SVRP,850.0,850.0,GB,275,13.11.2009,,United Kingdom,,
BZN|GB / 01.01.2021 00:00 - 01.01.2022 00:00,Natural Gas,48WSTN00000ROCKK,ROCK,830.0,830.0,GB,400,01.01.2000,,United Kingdom,,
BZN|GB / 01.01.2021 00:00 - 01.01.2022 00:00,Natural Gas,48WSTN00000SUTBW,SUTB,819.0,819.0,GB,400,01.01.2000,,United Kingdom,,
BZN|GB / 01.01.2021 00:00 - 01.01.2022 00:00,Natural Gas,48WSTN00000SHBAT,SHBA,810.0,810.0,GB,400,01.01.2000,,United Kingdom,,
BZN|GB / 01.01.2021 00:00 - 01.01.2022 00:00,Natural Gas,48WSTN00000DAMCL,DAMC,805.0,805.0,GB,400,01.01.2000,,United Kingdom,,
BZN|GB / 01.01.2021 00:00 - 01.01.2022 00:00,Natural Gas,48WSTN00000COSO2,COSO,800.0,800.0,GB,400,01.01.2000,,United Kingdom,,
BZN|GB / 01.01.2021 00:00 - 01.01.2022 00:00,Natural Gas,48WSTN00000LBARK,LBAR,735.0,735.0,GB,400,01.01.2000,,United Kingdom,,
BZN|GB / 01.01.2021 00:00 - 01.01.2022 00:00,Natural Gas,48WSTN0000RYHPSI,RYHPS,715.0,715.0,GB,400,01.01.2000,,United Kingdom,,
BZN|GB / 01.01.2021 00:00 - 01.01.2022 00:00,Natural Gas,48WSTN00000MEDPZ,MEDP,700.0,700.0,GB,400,01.01.2000,,United Kingdom,,
BZN|GB / 01.01.2021 00:00 - 01.01.2022 00:00,Natural Gas,48WSTN0000KILNSJ,KILNS,680.0,680.0,GB,400,01.01.2000,,United Kingdom,,
BZN|GB / 01.01.2021 00:00 - 01.01.2022 00:00,Natural Gas,48WSTN0000SHBABF,SHBAB,580.0,580.0,GB,400,01.01.2000,,United Kingdom,,
BZN|GB / 01.01.2021 00:00 - 01.01.2022 00:00,Natural Gas,48WSTN00000BAGE8,BAGE,552.0,552.0,GB,275,14.02.2002,,United Kingdom,,
BZN|GB / 01.01.2021 00:00 - 01.01.2022 00:00,Natural Gas,48WSTN00000CDCLQ,CDCL,440.0,440.0,GB,400,01.01.2000,,United Kingdom,,
BZN|GB / 01.01.2021 00:00 - 01.01.2022 00:00,Natural Gas,48WSTN00000SHOSS,SHOS,420.0,420.0,GB,400,01.01.2000,,United Kingdom,,
BZN|GB / 01.01.2021 00:00 - 01.01.2022 00:00,Natural Gas,48WSTN00000GYARR,GYAR,420.0,420.0,GB,400,01.01.2000,,United Kingdom,,
BZN|GB / 01.01.2021 00:00 - 01.01.2022 00:00,Natural Gas,48WSTN00000EECLC,EECL,408.0,408.0,GB,275,01.01.2000,,United Kingdom,,
BZN|GB / 01.01.2021 00:00 - 01.01.2022 00:00,Natural Gas,48WSTN00000PETEV,PETE,405.0,405.0,GB,400,01.01.2000,,United Kingdom,,
BZN|GB / 01.01.2021 00:00 - 01.01.2022 00:00,Natural Gas,48WSTN00000CORBV,CORB,401.0,401.0,GB,400,01.01.2000,,United Kingdom,,
BZN|GB / 01.01.2021 00:00 - 01.01.2022 00:00,Natural Gas,48WSTN000KLYN-A4,KLYN-A,340.0,400.0,GB,400,01.01.2000,,United Kingdom,,
BZN|GB / 01.01.2021 00:00 - 01.01.2022 00:00,Natural Gas,48WSTN00000SEELA,SEEL,299.0,299.0,GB,400,25.04.2019,,United Kingdom,,
BZN|GB / 01.01.2021 00:00 - 01.01.2022 00:00,Natural Gas,48WSTN00000BRGGA,BRGG,268.0,268.0,GB,400,01.01.2000,,United Kingdom,,
BZN|GB / 01.01.2021 00:00 - 01.01.2022 00:00,Natural Gas,48WSTN00000DEEP3,DEEP,260.0,260.0,GB,400,01.01.2000,,United Kingdom,,
BZN|GB / 01.01.2021 00:00 - 01.01.2022 00:00,Natural Gas,48WSTN00000BRYPC,BRYP,245.0,245.0,GB,275,15.08.2003,,United Kingdom,,
BZN|GB / 01.01.2021 00:00 - 01.01.2022 00:00,Natural Gas,48WSTN00000DERWO,DERW,236.0,236.0,GB,275,01.01.2000,,United Kingdom,,
BZN|GB / 01.01.2021 00:00 - 01.01.2022 00:00,Natural Gas,48WSTN00000ROOS5,ROOS,229.0,229.0,GB,400,01.01.2000,,United Kingdom,,
BZN|GB / 01.01.2021 00:00 - 01.01.2022 00:00,Natural Gas,48WSTN00000FELLH,FELL,180.0,180.0,GB,400,01.01.2000,,United Kingdom,,
BZN|GB / 01.01.2021 00:00 - 01.01.2022 00:00,Natural Gas,48WSTN00000FAWNX,FAWN,150.0,150.0,GB,400,01.01.2000,,United Kingdom,,
BZN|GB / 01.01.2021 00:00 - 01.01.2022 00:00,Natural Gas,48WSTN00000GRMOP,GRMO,144.0,144.0,GB,275,29.03.2005,,United Kingdom,,
BZN|GB / 01.01.2021 00:00 - 01.01.2022 00:00,Natural Gas,48WSTN000TAYL-G3,TAYL-G,144.0,144.0,GB,275,01.01.2000,,United Kingdom,,
BZN|GB / 01.01.2021 00:00 - 01.01.2022 00:00,Natural Gas,48WSTN00000INDQH,INDQ,140.0,140.0,GB,400,01.01.2000,,United Kingdom,,
BZN|GB / 01.01.2021 00:00 - 01.01.2022 00:00,Natural Gas,48WSTN000DRAXXGK,DRAXXG,96.0,96.0,GB,400,01.01.2000,,United Kingdom,,
BZN|GB / 01.01.2021 00:00 - 01.01.2022 00:00,Natural Gas,48WSTN000GRAI-GD,GRAI-G,58.0,58.0,GB,400,01.01.2000,,United Kingdom,,
BZN|GB / 01.01.2021 00:00 - 01.01.2022 00:00,Natural Gas,48WSTN0000RUGGTU,RUGGT,50.0,50.0,GB,400,01.01.2000,,United Kingdom,,
BZN|GB / 01.01.2021 00:00 - 01.01.2022 00:00,Natural Gas,48WSTN0000WBUGT2,WBUGT,40.0,40.0,GB,400,01.01.2000,,United Kingdom,,
BZN|GB / 01.01.2021 00:00 - 01.01.2022 00:00,Natural Gas,48WSTN000FIDL-GA,FIDL-G,34.0,34.0,GB,275,01.01.2000,,United Kingdom,,
BZN|GB / 01.01.2021 00:00 - 01.01.2022 00:00,Natural Gas,48WSTN000RATSGTB,RATSGT,34.0,34.0,GB,400,01.01.2000,,United Kingdom,,
BZN|GB / 01.01.2021 00:00 - 01.01.2022 00:00,Natural Gas,48WSTN000FERR-GE,FERR-G,34.0,34.0,GB,275,01.01.2000,,United Kingdom,,
BZN|GB / 01.01.2021 00:00 - 01.01.2022 00:00,Natural Gas,48WSTN000KEADGT6,KEADGT,30.0,30.0,GB,400,01.01.2000,,United Kingdom,,
BZN|GR / 01.01.2021 00:00 - 01.01.2022 00:00,Natural Gas,29WAISMEGAL-V--J,MEGALOPOLI_V,811.0,811.0,SOUTH GREECE,400,23.04.2015,,Greece,,
BZN|GR / 01.01.2021 00:00 - 01.01.2022 00:00,Natural Gas,29WAISLAVRIO-IVM,LAVRIO4,550.0,550.0,SOUTH GREECE,400,01.01.2014,,Greece,,
BZN|GR / 01.01.2021 00:00 - 01.01.2022 00:00,Natural Gas,29WAISKOMOTIN-IO,KOMOTINI,476.0,476.0,NORTH GREECE,400,01.01.2014,,Greece,,
BZN|GR / 01.01.2021 00:00 - 01.01.2022 00:00,Natural Gas,29WKORINTHOSPWR6,KORINTHOS_POWER,433.0,433.0,SOUTH GREECE,400,01.01.2014,,Greece,,
BZN|GR / 01.01.2021 00:00 - 01.01.2022 00:00,Natural Gas,29WPROTERGIACC-4,PROTERGIA_CC,432.0,432.0,SOUTH_GREECE,400,01.01.2014,,Greece,,
BZN|GR / 01.01.2021 00:00 - 01.01.2022 00:00,Natural Gas,29WHERON-CC----5,HERON_CC,422.0,422.0,SOUTH GREECE,400,01.01.2014,,Greece,,
BZN|GR / 01.01.2021 00:00 - 01.01.2022 00:00,Natural Gas,29WAISALIVERI-53,ALIVERI5,417.0,417.0,SOUTH GREECE,400,01.01.2014,,Greece,,
BZN|GR / 01.01.2021 00:00 - 01.01.2022 00:00,Natural Gas,29WELPEDISONTHIM,ELPEDISON_THISVI,410.0,410.0,SOUTH_GREECE,400,01.01.2014,,Greece,,
BZN|GR / 01.01.2021 00:00 - 01.01.2022 00:00,Natural Gas,29WENERGEIAKITHP,ELPEDISON_THESS,400.0,400.0,NORTH GREECE,400,01.01.2014,,Greece,,
BZN|GR / 01.01.2021 00:00 - 01.01.2022 00:00,Natural Gas,29WAISLAVRIO-V-A,LAVRIO5,378.0,378.0,SOUTH GREECE,400,01.01.2014,,Greece,,
BZN|GR / 01.01.2021 00:00 - 01.01.2022 00:00,Natural Gas,29WALOUMINIO---B,ALOUMINIO,334.0,334.0,SOUTH GREECE,400,01.01.2014,,Greece,,
BZN|GR / 01.01.2021 00:00 - 01.01.2022 00:00,Natural Gas,29WHERONTHE--IIU,HERON2,49.0,49.0,SOUTH GREECE,400,01.01.2014,,Greece,,
BZN|GR / 01.01.2021 00:00 - 01.01.2022 00:00,Natural Gas,29WHERONTHE---ID,HERON1,49.0,49.0,SOUTH GREECE,400,01.01.2014,,Greece,,
BZN|GR / 01.01.2021 00:00 - 01.01.2022 00:00,Natural Gas,29WHERONTHE-IIIS,HERON3,49.0,49.0,SOUTH GREECE,400,01.01.2014,,Greece,,
BZN|HU / 01.01.2021 00:00 - 01.01.2022 00:00,Natural Gas,15WTISZA-----PPN,Tiszai Erőmű,864.0,864.0,Tiszaújváros,400,31.12.2013,,Austria,,
BZN|HU / 01.01.2021 00:00 - 01.01.2022 00:00,Natural Gas,15WDUME------PPI,Dunamenti Erőmű,783.0,783.0,Százhalombatta,220,31.12.2013,,Austria,,
BZN|HU / 01.01.2021 00:00 - 01.01.2022 00:00,Natural Gas,15WGONYU-----PP5,Gönyűi Erőmű,437.0,437.0,Gönyű,400,31.12.2013,,Austria,,
BZN|HU / 01.01.2021 00:00 - 01.01.2022 00:00,Natural Gas,15WCSEPEL----PPI,Alpiq Csepel Erőmű,401.0,401.0,Budapest,120,31.12.2013,,Austria,,
BZN|HU / 01.01.2021 00:00 - 01.01.2022 00:00,Natural Gas,15WKELENF----PP8,Kelenföldi Erőmű,173.0,173.0,Budapest,120,31.12.2013,,Austria,,
BZN|HU / 01.01.2021 00:00 - 01.01.2022 00:00,Natural Gas,15WMVMSZK----PPY,MVM szabályozási központ,140.0,140.0,Budapest,20,31.12.2014,,Austria,,
BZN|HU / 01.01.2021 00:00 - 01.01.2022 00:00,Natural Gas,15WBAKONY----PP6,Bakonyi Gázturbinás Erőmű,114.0,114.0,Ajka,120,31.12.2013,,Austria,,
BZN|HU / 01.01.2021 00:00 - 01.01.2022 00:00,Natural Gas,15WKISP------PP6,Kispesti Erőmű,109.0,109.0,Budapest,120,31.12.2013,,Austria,,
BZN|HU / 01.01.2021 00:00 - 01.01.2022 00:00,Natural Gas,15WUJPEST----PPO,Újpesti Erőmű,102.0,102.0,Budapest,120,31.12.2013,,Austria,,
BZN|HU / 01.01.2021 00:00 - 01.01.2022 00:00,Natural Gas,15WDKCE------PPQ,Debreceni Kombináltciklusú Erőmű,95.0,95.0,Debrecen,120,31.12.2013,,Austria,,
BZN|HU / 01.01.2021 00:00 - 01.01.2022 00:00,Natural Gas,15WALPIQ-----PPY,ALPIQ szabályzási csoport,87.0,87.0,Budapest,120,31.12.2013,,Austria,,
BZN|HU / 01.01.2021 00:00 - 01.01.2022 00:00,Natural Gas,15WVPP-------PPZ,VPP szabályozási csoport,68.0,68.0,Budapest,20,31.12.2013,,Austria,,
BZN|HU / 01.01.2021 00:00 - 01.01.2022 00:00,Natural Gas,15WVEOLIASZK-PPQ,VEOLIA szabályozási központ,68.0,68.0,Budapest,20,01.04.2015,,Austria,,
BZN|HU / 01.01.2021 00:00 - 01.01.2022 00:00,Natural Gas,15WEONSUM----PPI,EONSUM szabályozási központ,63.0,63.0,Budapest,20,31.12.2013,,Austria,,
BZN|HU / 01.01.2021 00:00 - 01.01.2022 00:00,Natural Gas,15WGREEN-----PPZ,GREENERGY szabályozási központ,63.0,63.0,Budapest,20,31.12.2013,,Austria,,
BZN|HU / 01.01.2021 00:00 - 01.01.2022 00:00,Natural Gas,15WSINERGY---PPQ,Sinergy szabályozási központ,58.0,58.0,Budapest,20,31.12.2013,,Austria,,
BZN|HU / 01.01.2021 00:00 - 01.01.2022 00:00,Natural Gas,15WNYKCE-----PP6,Nyíregyházi Kombináltciklusú Erőmű,47.0,47.0,Oroszlány,120,31.12.2013,,Austria,,
BZN|HU / 01.01.2021 00:00 - 01.01.2022 00:00,Natural Gas,15WTATAB-----PPG,Tatabánya Erőmű,43.0,43.0,Tatabánya,120,31.12.2013,,Austria,,
BZN|HU / 01.01.2021 00:00 - 01.01.2022 00:00,Natural Gas,15WPLOOP-----PPL,PLOOP szabályozási központ,28.0,28.0,Budapest,20,31.12.2013,,Austria,,
BZN|SE4 / 01.01.2021 00:00 - 01.01.2022 00:00,Natural Gas,46WPU00000000040,Öresundsverket CHP,448.0,448.0,SE4,130,01.11.2014,,Ukraine,,
BZN|BE / 01.01.2021 00:00 - 01.01.2022 00:00,Natural Gas,22WHERDER0001288,HERDERSBRUG STEG,480.0,480.0,Belgium,150,01.01.2014,,Czechia,,
BZN|BE / 01.01.2021 00:00 - 01.01.2022 00:00,Natural Gas,22W201806271---D,EDF Luminus Seraing TGV,470.0,470.0,Belgium,220,14.10.2018,,Czechia,,
BZN|BE / 01.01.2021 00:00 - 01.01.2022 00:00,Natural Gas,22WDROGEN0000863,DROGENBOS TGV,465.0,465.0,Belgium,150,01.01.2014,,Czechia,,
BZN|BE / 01.01.2021 00:00 - 01.01.2022 00:00,Natural Gas,22WAMERCO000010Y,Amercoeur 1 R TGV,451.0,451.0,Belgium,150,01.01.2014,,Czechia,,
BZN|BE / 01.01.2021 00:00 - 01.01.2022 00:00,Natural Gas,22WT-POWE000244W,T-power Beringen,422.0,422.0,Belgium,150,01.01.2014,,Czechia,,
BZN|BE / 01.01.2021 00:00 - 01.01.2022 00:00,Natural Gas,22WMARCIN000179H,Marcinelle Energie (Carsid),413.0,413.0,Belgium,150,01.01.2014,,Czechia,,
BZN|BE / 01.01.2021 00:00 - 01.01.2022 00:00,Natural Gas,22WZANDVL000255D,Zandvliet Power,386.0,386.0,Belgium,150,01.01.2014,,Czechia,,
BZN|BE / 01.01.2021 00:00 - 01.01.2022 00:00,Natural Gas,22WRINGVA000209C,RINGVAART STEG,385.0,385.0,Belgium,150,01.01.2014,,Czechia,,
BZN|BE / 01.01.2021 00:00 - 01.01.2022 00:00,Natural Gas,22WSAINT-000221B,SAINT-GHISLAIN STEG,350.0,350.0,Belgium,150,01.10.2014,,Czechia,,
BZN|BE / 01.01.2021 00:00 - 01.01.2022 00:00,Natural Gas,22WZELZAT0002618,Zelzate 2 Knippegroen,315.0,315.0,Belgium,150,01.01.2014,,Czechia,,
BZN|BE / 01.01.2021 00:00 - 01.01.2022 00:00,Natural Gas,22W20181005PU--J,VILVOORDE GT,255.0,264.0,Belgium,150,21.10.2018,,Czechia,,
BZN|BE / 01.01.2021 00:00 - 01.01.2022 00:00,Natural Gas,22WSCHELD0002261,Scheldelaan Exxonmobil,140.0,140.0,Belgium,150,01.01.2014,,Czechia,,
BZN|BE / 01.01.2021 00:00 - 01.01.2022 00:00,Natural Gas,22WINESCO000149P,INESCO WKK,138.0,138.0,Belgium,150,01.01.2014,,Czechia,,
BZN|FR / 01.01.2021 00:00 - 01.01.2022 00:00,Natural Gas,17W100P100P0350I,DK6,796.0,796.0,France,225,21.05.2005,,Germany,,
BZN|FR / 01.01.2021 00:00 - 01.01.2022 00:00,Natural Gas,17W100P100P0244H,BOUCHAIN 7,585.0,585.0,FRANCE,400,06.06.2016,,Germany,,
BZN|FR / 01.01.2021 00:00 - 01.01.2022 00:00,Natural Gas,17W100P100P0246D,MARTIGUES PONTEAU 6,465.0,465.0,FRANCE,225,01.01.2000,,Germany,,
BZN|FR / 01.01.2021 00:00 - 01.01.2022 00:00,Natural Gas,17W100P100P0245F,MARTIGUES PONTEAU 5,465.0,465.0,FRANCE,225,01.01.2000,,Germany,,
BZN|FR / 01.01.2021 00:00 - 01.01.2022 00:00,Natural Gas,17W000001023704Q,FR_LANDIVISIAUPU,,446.0,France,225,28.08.2021,,Germany,,
BZN|FR / 01.01.2021 00:00 - 01.01.2022 00:00,Natural Gas,17W100P100P0334G,SPEM,435.0,435.0,France,225,08.11.2010,,Germany,,
BZN|FR / 01.01.2021 00:00 - 01.01.2022 00:00,Natural Gas,17W100P100P0351G,CYCOFOS,428.0,428.0,France,225,01.09.2009,,Germany,,
BZN|FR / 01.01.2021 00:00 - 01.01.2022 00:00,Natural Gas,17W100P100P0243J,BLENOD 5,427.0,427.0,FRANCE,400,01.01.2000,,Germany,,
BZN|FR / 01.01.2021 00:00 - 01.01.2022 00:00,Natural Gas,17W100P100P0337A,COMBIGOLFE,425.0,425.0,France,225,01.07.2010,,Germany,,
BZN|FR / 01.01.2021 00:00 - 01.01.2022 00:00,Natural Gas,17W100P100P0345B,EMILE HUCHET 8,413.0,413.0,France,400,28.06.2010,,Germany,,
BZN|FR / 01.01.2021 00:00 - 01.01.2022 00:00,Natural Gas,17W100P100P0344D,EMILE HUCHET 7,413.0,413.0,France,400,28.06.2010,,Germany,,
BZN|FR / 01.01.2021 00:00 - 01.01.2022 00:00,Natural Gas,17W100P100P0340L,Croix-de-Metz,413.0,413.0,France,225,20.06.2012,,Germany,,
BZN|FR / 01.01.2021 00:00 - 01.01.2022 00:00,Natural Gas,17W100P100P0341J,Pont-sur-Sambre,412.0,412.0,France,225,24.04.2009,,Germany,,
BZN|FR / 01.01.2021 00:00 - 01.01.2022 00:00,Natural Gas,17W100P100P0318E,FR-GA-MORANT1,401.0,401.0,France,225,01.07.2011,,Germany,,
BZN|FR / 01.01.2021 00:00 - 01.01.2022 00:00,Natural Gas,17W100P100P02667,GENNEVILLIERS 1,203.0,203.0,FRANCE,225,01.01.2000,,Germany,,
BZN|FR / 01.01.2021 00:00 - 01.01.2022 00:00,Natural Gas,17W100P100P0353C,AMFARD15,130.0,130.0,France,225,01.09.2004,,Germany,,
BZN|FR / 01.01.2021 00:00 - 01.01.2022 00:00,Natural Gas,17W100P100P03493,AMFARD14,130.0,130.0,France,225,01.09.2004,,Germany,,
BZN|FR / 01.01.2021 00:00 - 01.01.2022 00:00,Natural Gas,17W000000989065O,FR_CPCU SAINT OUEN,,126.0,France,225,04.02.2021,,Germany,,
BZN|FR / 01.01.2021 00:00 - 01.01.2022 00:00,Natural Gas,17W000000989066M,FR_CPCU COGEVITRY,,125.0,France,225,04.02.2021,,Germany,,
BZN|FR / 01.01.2021 00:00 - 01.01.2022 00:00,Natural Gas,17W100P100P0335E,SPEM pointe,,45.0,France,63,01.11.2012,,Germany,,
BZN|IT-Centre-South / 01.01.2021 00:00 - 01.01.2022 00:00,Natural Gas,26WIMPI-S12TRRVU,TORREVALDALIGA,1180.0,1180.0,12058032,380,17.11.2014,,Italy,,
BZN|IT-Centre-South / 01.01.2021 00:00 - 01.01.2022 00:00,Natural Gas,26WIMPI-S13CDGNT,GISSI,840.0,840.0,13069041,380,23.12.2014,,Italy,,
BZN|IT-Centre-South / 01.01.2021 00:00 - 01.01.2022 00:00,Natural Gas,26WIMPI-0300653B,CCGT APRILIA,787.0,787.0,12059001,380,23.12.2014,,Italy,,
BZN|IT-Centre-South / 01.01.2021 00:00 - 01.01.2022 00:00,Natural Gas,26WIMPI-S15SCPRH,SPARANISE,760.0,760.0,15061089,380,31.12.2014,,Italy,,
BZN|IT-Centre-South / 01.01.2021 00:00 - 01.01.2022 00:00,Natural Gas,26WIMPI-S12MCNTU,MONTALTO C.LE,934.0,704.0,12056035,380,31.12.2014,,Italy,,
BZN|IT-Centre-South / 01.01.2021 00:00 - 01.01.2022 00:00,Natural Gas,26WIMPI-S15STTV3,CENTRALE DI TEVEROLA,404.0,404.0,15061092,380,23.12.2014,,Italy,,
BZN|IT-Centre-South / 01.01.2021 00:00 - 01.01.2022 00:00,Natural Gas,26WIMPI-S15NLPLI,NAPOLI L,400.0,400.0,15063049,220,23.12.2014,,Italy,,
BZN|IT-Centre-South / 01.01.2021 00:00 - 01.01.2022 00:00,Natural Gas,26WIMPI-S10PTRFC,PIETRAFITTA,365.0,365.0,10054040,220,17.11.2014,,Italy,,
BZN|IT-Centre-South / 01.01.2021 00:00 - 01.01.2022 00:00,Natural Gas,26WIMZI-S13SCNDR,CELANO,175.0,175.0,13066032,150,31.12.2016,,Italy,,
BZN|IT-Centre-South / 01.01.2021 00:00 - 01.01.2022 00:00,Natural Gas,26WIMPI-S13BSSUZ,BUSSI,122.0,122.0,13068005,150,23.12.2014,,Italy,,
BZN|IT-Centre-South / 01.01.2021 00:00 - 01.01.2022 00:00,Natural Gas,26WIMPI-S13CTTM2,CTE TAMARETE,115.0,115.0,13069058,150,31.12.2014,,Italy,,
BZN|IT-Centre-South / 01.01.2021 00:00 - 01.01.2022 00:00,Natural Gas,26WIMPI-S15SGTL1,POMIGLIANO D'ARCO,105.0,105.0,15063057,220,23.12.2014,,Italy,,
BZN|IT-Centre-South / 01.01.2021 00:00 - 01.01.2022 00:00,Natural Gas,26WIMPI-S10ETDS9,TERNI,95.0,95.0,10055032,132,31.12.2014,,Italy,,
BZN|IT-Centre-South / 01.01.2021 00:00 - 01.01.2022 00:00,Natural Gas,26WIMPI-S10NMRNY,NERA MONTORO,56.0,56.0,10055022,150,31.12.2014,,Italy,,
BZN|IT-Centre-South / 01.01.2021 00:00 - 01.01.2022 00:00,Natural Gas,26WIMPI-0361630J,TERMICA COLLEFERRO,44.0,44.0,12058034,15,31.12.2014,,Italy,,
BZN|IT-Centre-South / 01.01.2021 00:00 - 01.01.2022 00:00,Natural Gas,26WIMPI-0817510V,CASSINO-META,41.0,41.0,12060052,150,13.02.2015,,Italy,,
BZN|IT-Centre-South / 01.01.2021 00:00 - 01.01.2022 00:00,Natural Gas,26WIMPI-S12SDSY8,SORA,42.0,30.0,12060074,150,31.12.2014,,Italy,,
BZN|IT-Centre-South / 01.01.2021 00:00 - 01.01.2022 00:00,Natural Gas,26WIMPI-08737107,Tor di Valle MCI,18.0,27.0,12058091,150,07.09.2017,,Italy,,
BZN|IT-Centre-South / 01.01.2021 00:00 - 01.01.2022 00:00,Natural Gas,26WIMPI-S13BCRGJ,AVEZZANO,50.0,26.0,13066006,150,07.10.2014,,Italy,,
BZN|IT-Centre-South / 01.01.2021 00:00 - 01.01.2022 00:00,Natural Gas,26WIMPI-1003453H,Cassino Trigenerazione,19.0,19.0,12060052,150,24.06.2018,,Italy,,
BZN|IT-Centre-South / 01.01.2021 00:00 - 01.01.2022 00:00,Natural Gas,26WIMPI-S12ADRR4,CENTRALE DI COGENERAZIONE AEROPORTO FIUMICINO,10.0,10.0,12058120,20,31.12.2014,,Italy,,
BZN|DE-LU / 01.01.2021 00:00 - 01.01.2022 00:00,Natural Gas,11WD7EMSL-G-KW-T,Emsland,1820.0,1820.0,intra_zonal,380,26.10.2009,,Montenegro,,
BZN|DE-LU / 01.01.2021 00:00 - 01.01.2022 00:00,Natural Gas,11WD2IRSC000179N,Irsching,1822.0,1407.0,intra_zonal,380,26.10.2009,,Montenegro,,
BZN|DE-LU / 01.01.2021 00:00 - 01.01.2022 00:00,Natural Gas,11WD7STUM----KW9,KW Hamm-Uentrop,850.0,850.0,intra_zonal,380,02.07.2010,,Montenegro,,
BZN|DE-LU / 01.01.2021 00:00 - 01.01.2022 00:00,Natural Gas,11WD7NORF5G--KWG,Kraftwerk Lausward,845.0,845.0,intra_zonal,110,08.11.2010,,Montenegro,,
BZN|DE-LU / 01.01.2021 00:00 - 01.01.2022 00:00,Natural Gas,11WD2GEBE000177K,Franken I,823.0,823.0,intra_zonal,110,26.10.2009,,Montenegro,,
BZN|DE-LU / 01.01.2021 00:00 - 01.01.2022 00:00,Natural Gas,11WD7KWKN----KW1,Knapsack 1,784.0,784.0,intra_zonal,380,20.01.2010,,Montenegro,,
BZN|DE-LU / 01.01.2021 00:00 - 01.01.2022 00:00,Natural Gas,11WD7BRAU5G-KW-N,GuD Dormagen,562.0,562.0,intra_zonal,110,26.10.2009,,Montenegro,,
BZN|DE-LU / 01.01.2021 00:00 - 01.01.2022 00:00,Natural Gas,11WD7GERS-X-KW-C,Gersteinwerk,522.0,522.0,intra_zonal,380,26.10.2009,,Montenegro,,
BZN|DE-LU / 01.01.2021 00:00 - 01.01.2022 00:00,Natural Gas,11WD2STAU0001800,Staudinger,1132.0,510.0,intra_zonal,380,26.10.2009,,Montenegro,,
BZN|DE-LU / 01.01.2021 00:00 - 01.01.2022 00:00,Natural Gas,11WD2GKBB000334V,GKB Mittelsbueren,450.0,450.0,intra_zonal,110,07.12.2016,,Montenegro,,
BZN|DE-LU / 01.01.2021 00:00 - 01.01.2022 00:00,Natural Gas,11WD8MITT5G----0,HKW Mitte,444.0,444.0,intra_zonal,110,26.10.2009,,Montenegro,,
BZN|DE-LU / 01.01.2021 00:00 - 01.01.2022 00:00,Natural Gas,11WD7KWKN1GBL203,Knapsack 2,426.0,426.0,intra_zonal,380,31.05.2013,,Montenegro,,
BZN|DE-LU / 01.01.2021 00:00 - 01.01.2022 00:00,Natural Gas,11WD7LUDW2GA800M,GuD Ludwigshafen Mitte,412.0,412.0,intra_zonal,220,02.11.2011,,Montenegro,,
BZN|DE-LU / 01.01.2021 00:00 - 01.01.2022 00:00,Natural Gas,11WD2SUE2000103B,Sued GuD2,400.0,400.0,intra_zonal,110,31.12.2014,,Montenegro,,
BZN|DE-LU / 01.01.2021 00:00 - 01.01.2022 00:00,Natural Gas,11WD7LUDW5GSUEDE,GuD Ludwigshafen Süd,345.0,345.0,intra_zonal,110,02.11.2011,,Montenegro,,
BZN|DE-LU / 01.01.2021 00:00 - 01.01.2022 00:00,Natural Gas,11WD2HUKW000298J,Huntorf,321.0,321.0,intra_zonal,220,26.10.2009,,Montenegro,,
BZN|DE-LU / 01.01.2021 00:00 - 01.01.2022 00:00,Natural Gas,11WD8LICH5G----1,HKW Lichterfelde,300.0,300.0,intra_zonal,110,26.10.2009,,Montenegro,,
BZN|DE-LU / 01.01.2021 00:00 - 01.01.2022 00:00,Natural Gas,11WD2SUE1000099L,Sued GuD1,298.0,298.0,intra_zonal,110,31.12.2014,,Montenegro,,
BZN|DE-LU / 01.01.2021 00:00 - 01.01.2022 00:00,Natural Gas,11WD7RHAU5G-3--3,HKW III,274.0,274.0,intra_zonal,110,17.02.2011,,Montenegro,,
BZN|DE-LU / 01.01.2021 00:00 - 01.01.2022 00:00,Natural Gas,11WD2FFW-000203E,HKW West,273.0,273.0,intra_zonal,110,30.09.2012,,Montenegro,,
BZN|DE-LU / 01.01.2021 00:00 - 01.01.2022 00:00,Natural Gas,11W0-0000-0100-I,GuD Marzahn,264.0,264.0,intra_zonal,110,05.02.2020,,Montenegro,,
BZN|DE-LU / 01.01.2021 00:00 - 01.01.2022 00:00,Natural Gas,11WD8DRES5X---PZ,GTHKW Nossener Bruecke,260.0,260.0,intra_zonal,110,17.05.2011,,Montenegro,,
BZN|DE-LU / 01.01.2021 00:00 - 01.01.2022 00:00,Natural Gas,11WD2LIND5G----6,GKW Linden (GKL),230.0,230.0,intra_zonal,110,04.04.2011,,Montenegro,,
BZN|DE-LU / 01.01.2021 00:00 - 01.01.2022 00:00,Natural Gas,11W0-0000-0162-P,Küstenkraftwerk,190.0,190.0,intra_zonal,110,16.12.2019,,Montenegro,,
BZN|DE-LU / 01.01.2021 00:00 - 01.01.2022 00:00,Natural Gas,11WD2SRKW000345J,HKW-Nürnberg-Sandreuth,181.0,181.0,intra_zonal,110,11.11.2010,,Montenegro,,
BZN|DE-LU / 01.01.2021 00:00 - 01.01.2022 00:00,Natural Gas,11WD2BMIT0002731,KW Mittelsbueren,176.0,176.0,intra_zonal,110,01.06.2012,,Montenegro,,
BZN|DE-LU / 01.01.2021 00:00 - 01.01.2022 00:00,Natural Gas,11WD8LEIP5X----6,HKW Nord,167.0,167.0,intra_zonal,110,11.01.2010,,Montenegro,,
BZN|DE-LU / 01.01.2021 00:00 - 01.01.2022 00:00,Natural Gas,11WD8KLIN5X----0,HKW Klingenberg,164.0,164.0,intra_zonal,110,26.10.2009,,Montenegro,,
BZN|DE-LU / 01.01.2021 00:00 - 01.01.2022 00:00,Natural Gas,11W0-0000-0038-O,HKW Halle Dieselstraße,162.0,162.0,intra_zonal,20,17.11.2020,,Montenegro,,
BZN|DE-LU / 01.01.2021 00:00 - 01.01.2022 00:00,Natural Gas,11WD8CHAR5X----K,Charlottenburg,146.0,146.0,intra_zonal,110,13.12.2013,,Montenegro,,
BZN|DE-LU / 01.01.2021 00:00 - 01.01.2022 00:00,Natural Gas,11WD7UCHT5XROSOK,Kraftwerk Römerbrücke,125.0,125.0,intra_zonal,110,12.04.2012,,Montenegro,,
BZN|DE-LU / 01.01.2021 00:00 - 01.01.2022 00:00,Natural Gas,11WD2PLAT000267Z,Kraftwerk Plattling,120.0,120.0,intra_zonal,110,20.11.2017,,Montenegro,,
BZN|DE-LU / 01.01.2021 00:00 - 01.01.2022 00:00,Natural Gas,11WD2BUKW000310A,Burghausen_GT,120.0,120.0,intra_zonal,110,28.09.2012,,Montenegro,,
BZN|DE-LU / 01.01.2021 00:00 - 01.01.2022 00:00,Natural Gas,11WD2FREI000095T,HKW Freimann,110.0,110.0,intra_zonal,110,18.03.2020,,Montenegro,,
BZN|DE-LU / 01.01.2021 00:00 - 01.01.2022 00:00,Natural Gas,11WD2HERR5GKW--1,KW Herrenhausen (KWH),100.0,100.0,intra_zonal,110,04.04.2011,,Montenegro,,
BZN|MK / 01.01.2021 00:00 - 01.01.2022 00:00,Natural Gas,33W--TEC-TE-TO-B,TE-TO,251.0,251.0,MK,110,25.08.2015,,North Macedonia,,
BZN|DE-AT-LU / 01.01.2021 00:00 - 01.01.2022 00:00,Natural Gas,11WD7BOLA--KWNIK,HKW Niehl,866.0,866.0,intra_zonal,380,01.02.2010,,Austria,,
BZN|DE-AT-LU / 01.01.2021 00:00 - 01.01.2022 00:00,Natural Gas,11WD7BISC5GKW23O,KW Mainz-Wiesbaden,785.0,785.0,Hesse,110,01.01.2010,,Austria,,
BZN|DE-AT-LU / 01.01.2021 00:00 - 01.01.2022 00:00,Natural Gas,11WD7GARE5XHEKWQ,HERDECKE,424.0,424.0,Garenfeld,110,01.01.2010,,Austria,,
BZN|DE-AT-LU / 01.01.2021 00:00 - 01.01.2022 00:00,Natural Gas,11WD7FUEH5GMEKW7,HKW Merkenich,110.0,110.0,intra_zonal,110,01.02.2010,,Austria,,
BZN|SE3 / 01.01.2021 00:00 - 01.01.2022 00:00,Natural Gas,46WPU0000000062N,Rya KVV,260.0,260.0,SE3,130,01.11.2014,,Sweden,,
BZN|ES / 01.01.2021 00:00 - 01.01.2022 00:00,Natural Gas,18WBES5-123456-T,BESOS 5,859.0,859.0,Barcelona,220,01.01.2012,,Sweden,,
BZN|ES / 01.01.2021 00:00 - 01.01.2022 00:00,Natural Gas,18WPGR5-123456-J,P.G.RODR 5,856.0,856.0,A Coruña,400,01.01.2012,,Sweden,,
BZN|ES / 01.01.2021 00:00 - 01.01.2022 00:00,Natural Gas,18WCTN4-123456-C,CASTELLO 4,839.0,839.0,Castellón,400,01.01.2012,,Sweden,,
BZN|ES / 01.01.2021 00:00 - 01.01.2022 00:00,Natural Gas,18WARCOS3-123-0Z,ARCOS3,823.0,823.0,Cádiz,400,01.01.2012,,Sweden,,
BZN|ES / 01.01.2021 00:00 - 01.01.2022 00:00,Natural Gas,18WALG3-12345--K,ALG3,821.0,821.0,Cádiz,220,01.01.2012,,Sweden,,
BZN|ES / 01.01.2021 00:00 - 01.01.2022 00:00,Natural Gas,18WESC6-12345-07,ESC IBER 6,816.0,816.0,Murcia,400,01.01.2012,,Sweden,,
BZN|ES / 01.01.2021 00:00 - 01.01.2022 00:00,Natural Gas,18WECT3-123456-N,ESCAT3,804.0,804.0,Zaragoza,400,01.01.2012,,Sweden,,
BZN|ES / 01.01.2021 00:00 - 01.01.2022 00:00,Natural Gas,18WCTNU-12345-0U,CASTELNOU,791.0,791.0,Teruel,400,01.01.2012,,Sweden,,
BZN|ES / 01.01.2021 00:00 - 01.01.2022 00:00,Natural Gas,18WAMBIETA-12-0S,AMBIETA,786.0,786.0,Vizcaya,400,01.01.2012,,Sweden,,
BZN|ES / 01.01.2021 00:00 - 01.01.2022 00:00,Natural Gas,18WBAHIAB-123-0X,BAHIAB,785.0,785.0,Vizcaya,400,01.01.2012,,Sweden,,
BZN|ES / 01.01.2021 00:00 - 01.01.2022 00:00,Natural Gas,18WCTN3-12345-04,CASTELLO 3,782.0,782.0,Castellón,400,01.01.2012,,Sweden,,
BZN|ES / 01.01.2021 00:00 - 01.01.2022 00:00,Natural Gas,18WPBCN1-12345-D,PBCN1,435.0,435.0,Barcelona,220,01.01.2012,,Sweden,,
BZN|ES / 01.01.2021 00:00 - 01.01.2022 00:00,Natural Gas,18WPBCN2-12345-4,PBCN2,431.0,431.0,Barcelona,220,01.01.2012,,Sweden,,
BZN|ES / 01.01.2021 00:00 - 01.01.2022 00:00,Natural Gas,18WSRI5-123456-L,SOTO5,428.0,428.0,Asturias,400,01.01.2012,,Sweden,,
BZN|ES / 01.01.2021 00:00 - 01.01.2022 00:00,Natural Gas,18W18WSRI4--123V,SOTORIBE 4,426.0,426.0,Asturias,400,01.01.2012,,Sweden,,
BZN|ES / 01.01.2021 00:00 - 01.01.2022 00:00,Natural Gas,18WCTJON1-123-06,CASTEJO1 H,425.0,425.0,Navarra,400,01.01.2012,,Sweden,,
BZN|ES / 01.01.2021 00:00 - 01.01.2022 00:00,Natural Gas,18WPVENT1--1234A,PVENT1,420.0,420.0,Tarragona,400,01.01.2012,,Sweden,,
BZN|ES / 01.01.2021 00:00 - 01.01.2022 00:00,Natural Gas,18WCTJON3--1234S,CASTEJO3 H,418.0,418.0,Navarra,400,01.01.2012,,Sweden,,
BZN|ES / 01.01.2021 00:00 - 01.01.2022 00:00,Natural Gas,18WCTGN1-1234-0C,ESC CART 1,418.0,418.0,Murcia,400,01.01.2012,,Sweden,,
BZN|ES / 01.01.2021 00:00 - 01.01.2022 00:00,Natural Gas,18WCTGN2-1234-03,ESC CART 2,418.0,418.0,Murcia,400,01.01.2012,,Sweden,,
BZN|ES / 01.01.2021 00:00 - 01.01.2022 00:00,Natural Gas,18WTAPOWER-12-0V,TARRAG IB,417.0,417.0,Tarragona,220,01.01.2012,,Sweden,,
BZN|ES / 01.01.2021 00:00 - 01.01.2022 00:00,Natural Gas,18WMALA1-12345-L,MALA1,416.0,416.0,Málaga,220,01.01.2012,,Sweden,,
BZN|ES / 01.01.2021 00:00 - 01.01.2022 00:00,Natural Gas,18WPVENT2--12342,Plana del Vent,414.0,414.0,cross_zonal,400,01.01.2012,,Sweden,,
BZN|ES / 01.01.2021 00:00 - 01.01.2022 00:00,Natural Gas,18WCTGN3-1234-0V,ESC CART 3,413.0,413.0,Murcia,400,01.01.2012,,Sweden,,
BZN|ES / 01.01.2021 00:00 - 01.01.2022 00:00,Natural Gas,18WBES3-12345-0V,BESOS 3,412.0,412.0,Barcelona,220,01.01.2012,,Sweden,,
BZN|ES / 01.01.2021 00:00 - 01.01.2022 00:00,Natural Gas,18WSAGU2-123--0A,SAGU2,412.0,412.0,Valencia,400,01.01.2012,,Sweden,,
BZN|ES / 01.01.2021 00:00 - 01.01.2022 00:00,Natural Gas,18WSAGU3-123--01,SAGU3,411.0,411.0,Valencia,400,01.01.2012,,Sweden,,
BZN|ES / 01.01.2021 00:00 - 01.01.2022 00:00,Natural Gas,18WSAGU1-123--0J,SAGU1,410.0,410.0,Valencia,400,01.01.2012,,Sweden,,
BZN|ES / 01.01.2021 00:00 - 01.01.2022 00:00,Natural Gas,18WESCCC1-123-0T,ESCCC1,403.0,403.0,Murcia,400,01.01.2012,,Sweden,,
BZN|ES / 01.01.2021 00:00 - 01.01.2022 00:00,Natural Gas,18WSROQ2-1234-0Y,SANROQUE2,402.0,402.0,Cádiz,220,01.01.2012,,Sweden,,
BZN|ES / 01.01.2021 00:00 - 01.01.2022 00:00,Natural Gas,18WESCCC2-123-0L,ESC GDF 2,401.0,401.0,Murcia,400,01.01.2012,,Sweden,,
BZN|ES / 01.01.2021 00:00 - 01.01.2022 00:00,Natural Gas,18WBES4-12345-0L,BESOS 4,400.0,400.0,Barcelona,220,01.01.2012,,Sweden,,
BZN|ES / 01.01.2021 00:00 - 01.01.2022 00:00,Natural Gas,18WSTC4-12345-0I,SANTURCE 4,396.0,396.0,Vizcaya,220,01.01.2012,,Sweden,,
BZN|ES / 01.01.2021 00:00 - 01.01.2022 00:00,Natural Gas,18WESCCC3-123-0D,ESC GDF 3,395.0,395.0,Murcia,400,01.01.2012,,Sweden,,
BZN|ES / 01.01.2021 00:00 - 01.01.2022 00:00,Natural Gas,18WARRU1-1234-0J,ARRUBAL1,395.0,395.0,La Rioja,400,01.01.2012,,Sweden,,
BZN|ES / 01.01.2021 00:00 - 01.01.2022 00:00,Natural Gas,18WCAMGI10-12-07,CAMPGIB1,393.0,393.0,Cádiz,400,01.01.2012,,Sweden,,
BZN|ES / 01.01.2021 00:00 - 01.01.2022 00:00,Natural Gas,18WSBO3-12345-01,SABON 3,391.0,391.0,A Coruña,220,01.01.2012,,Sweden,,
BZN|ES / 01.01.2021 00:00 - 01.01.2022 00:00,Natural Gas,18WPALOS3-123-0J,PALOS3,391.0,391.0,Huelva,400,01.01.2012,,Sweden,,
BZN|ES / 01.01.2021 00:00 - 01.01.2022 00:00,Natural Gas,18WCOL4-12345-02,COLON 4,391.0,391.0,Huelva,220,01.01.2012,,Sweden,,
BZN|ES / 01.01.2021 00:00 - 01.01.2022 00:00,Natural Gas,18WARRU2-1234-0A,ARRUBAL2,390.0,390.0,La Rioja,400,01.01.2012,,Sweden,,
BZN|ES / 01.01.2021 00:00 - 01.01.2022 00:00,Natural Gas,18WSROQ1-1234-06,SANROQUE1,390.0,390.0,Cádiz,220,01.01.2012,,Sweden,,
BZN|ES / 01.01.2021 00:00 - 01.01.2022 00:00,Natural Gas,18WARCOS1-123-0E,ARCOS1,389.0,389.0,Cádiz,400,01.01.2012,,Sweden,,
BZN|ES / 01.01.2021 00:00 - 01.01.2022 00:00,Natural Gas,18WPALOS2-123-0R,PALOS2,389.0,389.0,Huelva,400,01.01.2012,,Sweden,,
BZN|ES / 01.01.2021 00:00 - 01.01.2022 00:00,Natural Gas,18WCAMGI20--1-0D,CAMPGIB2,388.0,388.0,Cádiz,400,01.01.2012,,Sweden,,
BZN|ES / 01.01.2021 00:00 - 01.01.2022 00:00,Natural Gas,18WPALOS1-123-0Z,PALOS1,387.0,387.0,Huelva,400,01.01.2012,,Sweden,,
BZN|ES / 01.01.2021 00:00 - 01.01.2022 00:00,Natural Gas,18WACE3-12345-00,ACECA 3 IB,386.0,386.0,Toledo,220,01.01.2012,,Sweden,,
BZN|ES / 01.01.2021 00:00 - 01.01.2022 00:00,Natural Gas,18WCTJON2-123-0Z,CASTEJO2 I,379.0,379.0,Navarra,400,01.01.2012,,Sweden,,
BZN|ES / 01.01.2021 00:00 - 01.01.2022 00:00,Natural Gas,18WARCOS2-123-06,ARCOS2,373.0,373.0,Cádiz,400,01.01.2012,,Sweden,,
BZN|ES / 01.01.2021 00:00 - 01.01.2022 00:00,Natural Gas,18WACE4-12345-0R,ACECA 4 UF,373.0,373.0,Toledo,220,01.01.2012,,Sweden,,
BZN|ES / 01.01.2021 00:00 - 01.01.2022 00:00,Natural Gas,18WECT2-123456-X,ECT2,275.0,275.0,Zaragoza,400,01.01.2012,,Sweden,,
BZN|ES / 01.01.2021 00:00 - 01.01.2022 00:00,Natural Gas,18WTFDETIC-123-Y,TFDETIC,208.0,181.0,Spain,220,11.02.2016,,Sweden,,
BZN|ES / 01.01.2021 00:00 - 01.01.2022 00:00,Natural Gas,18WTFIBGES-123-9,TFIBGES,134.0,134.0,Spain,400,11.02.2016,,Sweden,,
BZN|RS / 01.01.2021 00:00 - 01.01.2022 00:00,Natural Gas,34WETG-NOSAD---Z,TETO NOVI SAD,255.0,255.0,Serbia,110,01.01.2015,,Slovakia,,
BZN|RS / 01.01.2021 00:00 - 01.01.2022 00:00,Natural Gas,34WETG-ZRENJ---4,TETO ZRENJANIN,0.0,0.0,Serbia,110,01.01.2015,,Slovakia,,
BZN|SI / 01.01.2021 00:00 - 01.01.2022 00:00,Natural Gas,28W-G-000000122W,PE Brestanica,350.0,350.0,Brestanica,110,01.01.2014,,Slovenia,,
BZN|PL / 01.01.2021 00:00 - 01.01.2022 00:00,Natural Gas,19W000000000283T,Płock,630.0,630.0,Polska,400,30.05.2017,,Poland,,
BZN|PL / 01.01.2021 00:00 - 01.01.2022 00:00,Natural Gas,19W000000000290W,EC Żerań 2,,497.0,Polska,220,12.05.2020,,Poland,,
BZN|PL / 01.01.2021 00:00 - 01.01.2022 00:00,Natural Gas,19W000000000256W,EC Włocławek,465.0,465.0,Polska,220,31.10.2015,,Poland,,
BZN|PL / 01.01.2021 00:00 - 01.01.2022 00:00,Natural Gas,19W000000000284R,EC Stalowa Wola,467.0,450.0,Polska,220,01.04.2019,,Poland,,
BZN|PL / 01.01.2021 00:00 - 01.01.2022 00:00,Natural Gas,19W0000000001098,EC Wrotków,231.0,231.0,Polska,110,01.01.2011,,Poland,,
BZN|PL / 01.01.2021 00:00 - 01.01.2022 00:00,Natural Gas,19W000000000230D,Zielona Góra,188.0,188.0,Polska,220,01.01.2011,,Poland,,
BZN|PL / 01.01.2021 00:00 - 01.01.2022 00:00,Natural Gas,19W000000000274U,Gorzów 2,138.0,138.0,Polska,110,01.01.2016,,Poland,,
BZN|PL / 01.01.2021 00:00 - 01.01.2022 00:00,Natural Gas,19W0000000000571,EC Nowa Sarzyna,129.0,129.0,Polska,110,01.01.2011,,Poland,,
BZN|PL / 01.01.2021 00:00 - 01.01.2022 00:00,Natural Gas,19W000000000169R,EC Rzeszów,101.0,101.0,Polska,110,01.01.2011,,Poland,,
BZN|PL / 01.01.2021 00:00 - 01.01.2022 00:00,Natural Gas,19W000000000293Q,EC Toruń,101.0,101.0,Polska,60,15.03.2017,,Poland,,
BZN|PL / 01.01.2021 00:00 - 01.01.2022 00:00,Natural Gas,19W000000000060C,Gorzów,70.0,70.0,Polska,110,25.07.2012,,Poland,,
BZN|LV / 01.01.2021 00:00 - 01.01.2022 00:00,Natural Gas,43W-RTEC-2-1---C,RTEC2-1,441.0,441.0,Latvia,330,01.01.2000,,Latvia,,
BZN|LV / 01.01.2021 00:00 - 01.01.2022 00:00,Natural Gas,43W-RTEC-2-2---7,RTEC2-2,440.0,440.0,Latvia,330,01.01.2000,,Latvia,,
BZN|LV / 01.01.2021 00:00 - 01.01.2022 00:00,Natural Gas,43W-RTEC-1-----T,RTEC1,144.0,144.0,Latvia,110,01.01.2000,,Latvia,,
BZN|LT / 01.01.2021 00:00 - 01.01.2022 00:00,Natural Gas,41W1023600243EL3,Lietuvos elektrine,1045.0,1045.0,Elektrenai,110,01.01.2014,,Lithuania,,
BZN|LT / 01.01.2021 00:00 - 01.01.2022 00:00,Natural Gas,41W3185595680EL8,VilniausE3,360.0,360.0,Vilnius,110,01.01.2014,,Lithuania,,
BZN|LT / 01.01.2021 00:00 - 01.01.2022 00:00,Natural Gas,41WME-------TG1J,Mazeikiu elektrine,160.0,160.0,Mazeikiai,110,11.09.2014,,Lithuania,,
BZN|LT / 01.01.2021 00:00 - 01.01.2022 00:00,Natural Gas,41W8538227475ELN,KaunoTE,110.0,110.0,Kaunas,110,01.01.2014,,Lithuania,,
BZN|MD / 01.01.2021 00:00 - 01.01.2022 00:00,Natural Gas,64WMGRES-----07L,TPP Moldavskaya GRES,2520.0,2520.0,Moldova,330,09.01.2020,,"Moldova, Republic of",,
BZN|DE-LU / 01.01.2021 00:00 - 01.01.2022 00:00,Natural Gas,11WD7EMSL-G-KW-T,Emsland,1820.0,1820.0,intra_zonal,380,26.10.2009,,Germany,,
BZN|DE-LU / 01.01.2021 00:00 - 01.01.2022 00:00,Natural Gas,11WD2IRSC000179N,Irsching,1822.0,1407.0,intra_zonal,380,26.10.2009,,Germany,,
BZN|DE-LU / 01.01.2021 00:00 - 01.01.2022 00:00,Natural Gas,11WD7STUM----KW9,KW Hamm-Uentrop,850.0,850.0,intra_zonal,380,02.07.2010,,Germany,,
BZN|DE-LU / 01.01.2021 00:00 - 01.01.2022 00:00,Natural Gas,11WD7NORF5G--KWG,Kraftwerk Lausward,845.0,845.0,intra_zonal,110,08.11.2010,,Germany,,
BZN|DE-LU / 01.01.2021 00:00 - 01.01.2022 00:00,Natural Gas,11WD2GEBE000177K,Franken I,823.0,823.0,intra_zonal,110,26.10.2009,,Germany,,
BZN|DE-LU / 01.01.2021 00:00 - 01.01.2022 00:00,Natural Gas,11WD7KWKN----KW1,Knapsack 1,784.0,784.0,intra_zonal,380,20.01.2010,,Germany,,
BZN|DE-LU / 01.01.2021 00:00 - 01.01.2022 00:00,Natural Gas,11WD7BRAU5G-KW-N,GuD Dormagen,562.0,562.0,intra_zonal,110,26.10.2009,,Germany,,
BZN|DE-LU / 01.01.2021 00:00 - 01.01.2022 00:00,Natural Gas,11WD7GERS-X-KW-C,Gersteinwerk,522.0,522.0,intra_zonal,380,26.10.2009,,Germany,,
BZN|DE-LU / 01.01.2021 00:00 - 01.01.2022 00:00,Natural Gas,11WD2STAU0001800,Staudinger,1132.0,510.0,intra_zonal,380,26.10.2009,,Germany,,
BZN|DE-LU / 01.01.2021 00:00 - 01.01.2022 00:00,Natural Gas,11WD2GKBB000334V,GKB Mittelsbueren,450.0,450.0,intra_zonal,110,07.12.2016,,Germany,,
BZN|DE-LU / 01.01.2021 00:00 - 01.01.2022 00:00,Natural Gas,11WD8MITT5G----0,HKW Mitte,444.0,444.0,intra_zonal,110,26.10.2009,,Germany,,
BZN|DE-LU / 01.01.2021 00:00 - 01.01.2022 00:00,Natural Gas,11WD7KWKN1GBL203,Knapsack 2,426.0,426.0,intra_zonal,380,31.05.2013,,Germany,,
BZN|DE-LU / 01.01.2021 00:00 - 01.01.2022 00:00,Natural Gas,11WD7LUDW2GA800M,GuD Ludwigshafen Mitte,412.0,412.0,intra_zonal,220,02.11.2011,,Germany,,
BZN|DE-LU / 01.01.2021 00:00 - 01.01.2022 00:00,Natural Gas,11WD2SUE2000103B,Sued GuD2,400.0,400.0,intra_zonal,110,31.12.2014,,Germany,,
BZN|DE-LU / 01.01.2021 00:00 - 01.01.2022 00:00,Natural Gas,11WD7LUDW5GSUEDE,GuD Ludwigshafen Süd,345.0,345.0,intra_zonal,110,02.11.2011,,Germany,,
BZN|DE-LU / 01.01.2021 00:00 - 01.01.2022 00:00,Natural Gas,11WD2HUKW000298J,Huntorf,321.0,321.0,intra_zonal,220,26.10.2009,,Germany,,
BZN|DE-LU / 01.01.2021 00:00 - 01.01.2022 00:00,Natural Gas,11WD8LICH5G----1,HKW Lichterfelde,300.0,300.0,intra_zonal,110,26.10.2009,,Germany,,
BZN|DE-LU / 01.01.2021 00:00 - 01.01.2022 00:00,Natural Gas,11WD2SUE1000099L,Sued GuD1,298.0,298.0,intra_zonal,110,31.12.2014,,Germany,,
BZN|DE-LU / 01.01.2021 00:00 - 01.01.2022 00:00,Natural Gas,11WD7RHAU5G-3--3,HKW III,274.0,274.0,intra_zonal,110,17.02.2011,,Germany,,
BZN|DE-LU / 01.01.2021 00:00 - 01.01.2022 00:00,Natural Gas,11WD2FFW-000203E,HKW West,273.0,273.0,intra_zonal,110,30.09.2012,,Germany,,
BZN|DE-LU / 01.01.2021 00:00 - 01.01.2022 00:00,Natural Gas,11W0-0000-0100-I,GuD Marzahn,264.0,264.0,intra_zonal,110,05.02.2020,,Germany,,
BZN|DE-LU / 01.01.2021 00:00 - 01.01.2022 00:00,Natural Gas,11WD8DRES5X---PZ,GTHKW Nossener Bruecke,260.0,260.0,intra_zonal,110,17.05.2011,,Germany,,
BZN|DE-LU / 01.01.2021 00:00 - 01.01.2022 00:00,Natural Gas,11WD2LIND5G----6,GKW Linden (GKL),230.0,230.0,intra_zonal,110,04.04.2011,,Germany,,
BZN|DE-LU / 01.01.2021 00:00 - 01.01.2022 00:00,Natural Gas,11W0-0000-0162-P,Küstenkraftwerk,190.0,190.0,intra_zonal,110,16.12.2019,,Germany,,
BZN|DE-LU / 01.01.2021 00:00 - 01.01.2022 00:00,Natural Gas,11WD2SRKW000345J,HKW-Nürnberg-Sandreuth,181.0,181.0,intra_zonal,110,11.11.2010,,Germany,,
BZN|DE-LU / 01.01.2021 00:00 - 01.01.2022 00:00,Natural Gas,11WD2BMIT0002731,KW Mittelsbueren,176.0,176.0,intra_zonal,110,01.06.2012,,Germany,,
BZN|DE-LU / 01.01.2021 00:00 - 01.01.2022 00:00,Natural Gas,11WD8LEIP5X----6,HKW Nord,167.0,167.0,intra_zonal,110,11.01.2010,,Germany,,
BZN|DE-LU / 01.01.2021 00:00 - 01.01.2022 00:00,Natural Gas,11WD8KLIN5X----0,HKW Klingenberg,164.0,164.0,intra_zonal,110,26.10.2009,,Germany,,
BZN|DE-LU / 01.01.2021 00:00 - 01.01.2022 00:00,Natural Gas,11W0-0000-0038-O,HKW Halle Dieselstraße,162.0,162.0,intra_zonal,20,17.11.2020,,Germany,,
BZN|DE-LU / 01.01.2021 00:00 - 01.01.2022 00:00,Natural Gas,11WD8CHAR5X----K,Charlottenburg,146.0,146.0,intra_zonal,110,13.12.2013,,Germany,,
BZN|DE-LU / 01.01.2021 00:00 - 01.01.2022 00:00,Natural Gas,11WD7UCHT5XROSOK,Kraftwerk Römerbrücke,125.0,125.0,intra_zonal,110,12.04.2012,,Germany,,
BZN|DE-LU / 01.01.2021 00:00 - 01.01.2022 00:00,Natural Gas,11WD2PLAT000267Z,Kraftwerk Plattling,120.0,120.0,intra_zonal,110,20.11.2017,,Germany,,
BZN|DE-LU / 01.01.2021 00:00 - 01.01.2022 00:00,Natural Gas,11WD2BUKW000310A,Burghausen_GT,120.0,120.0,intra_zonal,110,28.09.2012,,Germany,,
BZN|DE-LU / 01.01.2021 00:00 - 01.01.2022 00:00,Natural Gas,11WD2FREI000095T,HKW Freimann,110.0,110.0,intra_zonal,110,18.03.2020,,Germany,,
BZN|DE-LU / 01.01.2021 00:00 - 01.01.2022 00:00,Natural Gas,11WD2HERR5GKW--1,KW Herrenhausen (KWH),100.0,100.0,intra_zonal,110,04.04.2011,,Germany,,
